{
    "accuracy": 49.55,
    "precision": 62.25204911629666,
    "recall": 49.55,
    "f1_score": 52.23595497735272,
    "train_time": 0.942007303237915
}