{
    "accuracy": 73.4,
    "precision": 73.4685195460513,
    "recall": 73.4,
    "f1_score": 73.2146530608471,
    "train_time": 4.238969087600708
}