{
    "accuracy": 67.10000000000001,
    "precision": 67.0036036827546,
    "recall": 67.10000000000001,
    "f1_score": 66.89833944521219,
    "train_time": 205.17816925048828
}