{
    "accuracy": 73.0,
    "precision": 73.14957851373963,
    "recall": 73.0,
    "f1_score": 72.72130067189865,
    "train_time": 4.083940744400024
}