{
    "accuracy": 75.25,
    "precision": 75.20466168590869,
    "recall": 75.25,
    "f1_score": 75.11512342989268,
    "train_time": 61.60050678253174
}