{
    "accuracy": 76.44999999999999,
    "precision": 76.44135387551565,
    "recall": 76.44999999999999,
    "f1_score": 76.37593520183947,
    "train_time": 17.35500407218933
}