{
    "accuracy": 75.6,
    "precision": 75.81771814228885,
    "recall": 75.6,
    "f1_score": 75.55287547897736,
    "train_time": 10.078974485397339
}