{
    "accuracy": 74.8,
    "precision": 74.79159807536014,
    "recall": 74.8,
    "f1_score": 74.65855020174646,
    "train_time": 60.24690222740173
}