{
    "accuracy": 13.5,
    "precision": 18.07807674369097,
    "recall": 13.5,
    "f1_score": 12.48508790748428,
    "train_time": 6.111006498336792
}