{
    "accuracy": 13.950000000000001,
    "precision": 20.376792957530334,
    "recall": 13.950000000000001,
    "f1_score": 11.87838392037098,
    "train_time": 0.42372632026672363
}