{
    "accuracy": 51.4,
    "precision": 54.2644327868516,
    "recall": 51.4,
    "f1_score": 51.648330381011455,
    "train_time": 4.450314283370972
}