{
    "accuracy": 72.85000000000001,
    "precision": 73.06756050598439,
    "recall": 72.85000000000001,
    "f1_score": 72.63202021636485,
    "train_time": 128.63229894638062
}