{
    "accuracy": 75.9,
    "precision": 75.84303186695729,
    "recall": 75.9,
    "f1_score": 75.7873258588903,
    "train_time": 104.33813452720642
}