{
    "accuracy": 89.1,
    "precision": 89.17584550085581,
    "recall": 89.1,
    "f1_score": 89.07001894584575,
    "train_time": 1880.7526814937592
}